Dimension,Weight
crypto_assets,0.20265509723465888
crypto_agility,0.19230771819240933
migration_planning,0.48151649040045363
risk_management,0.027158221799639757
standards_compliance,0.09636247237283838
