Dimension,Weight
crypto_assets,0.059085592634202336
crypto_agility,0.38478177493321397
migration_planning,0.20747359638003313
risk_management,0.1651840802882184
standards_compliance,0.18347495576433212
