Dimension,Weight
crypto_assets,0.11928687089231196
crypto_agility,0.43081650001825955
migration_planning,0.0840703163817753
risk_management,0.12895613253947613
standards_compliance,0.23687018016817699
