Dimension,Weight
crypto_assets,0.08623896431026676
crypto_agility,0.39105267324408394
migration_planning,0.19028140283519154
risk_management,0.14950413053820558
standards_compliance,0.18292282907225213
