Framework,crypto_assets,crypto_agility,migration_planning,risk_management,standards_compliance
001.txt,1.2025012025012025,3.1265031265031267,2.1645021645021645,4.56950456950457,4.329004329004329
002.txt,6.067040800849386,0.7583801001061733,0.3033520400424693,0.4550280600637039,2.4268163203397544
003.txt,0.0,0.6449532408900355,1.289906481780071,0.32247662044501774,0.6449532408900355
004.txt,0.5271481286241434,10.648392198207697,2.1085925144965736,3.7954665260938327,3.6900369003690034
005.txt,2.3392826199965344,9.617050771096864,3.4656038814763477,5.111765725177612,2.8591232022179867
006.txt,4.543865781195386,5.475940813235465,3.8448095071653268,5.359431434230456,7.456600256320634
007.txt,0.0,0.0,0.7971303308090874,0.0,0.0
008.txt,1.5246226558926665,1.3721603903033999,5.946028357981399,1.5246226558926665,8.995273669766734
