{
  "crypto_assets": {
    "slope": 1.7659319877086466,
    "intercept": 2.0008612536341817
  },
  "crypto_agility": {
    "slope": 1.0341915562759378,
    "intercept": 2.2307849338330348
  },
  "migration_planning": {
    "slope": 0.8742360564070507,
    "intercept": 2.358227037441054
  },
  "risk_management": {
    "slope": 1.1707509527526734,
    "intercept": 2.631704685627329
  },
  "standards_compliance": {
    "slope": 1.4826175068588063,
    "intercept": 2.667327909988533
  }
}