{
  "crypto_assets": {
    "slope": 2.0966303929908108,
    "intercept": 1.844723234724154
  },
  "crypto_agility": {
    "slope": 1.2231943300005401,
    "intercept": 2.3936062375790765
  },
  "migration_planning": {
    "slope": 0.88613644521497,
    "intercept": 2.5255217607844553
  },
  "risk_management": {
    "slope": 1.3221430014879119,
    "intercept": 2.5834422184803083
  },
  "standards_compliance": {
    "slope": 1.702075425425612,
    "intercept": 2.7732917222893567
  }
}